Country,Capital,Coordinates
Kazakhstan,Astana,"[48.0, 68.0]"
New Caledonia,Nouméa,"[-21.5, 165.5]"
Samoa,Pago Pago,"[-14.33333333, -170.0]"
Qatar,Doha,"[25.5, 51.25]"
Niger,Niamey,"[16.0, 8.0]"
Sint Maarten,Philipsburg,"[18.033333, -63.05]"
Iceland,Reykjavík,"[65.0, -18.0]"
Ghana,Accra,"[8.0, -2.0]"
Finland,Helsinki,"[64.0, 26.0]"
Syria,Damascus,"[35.0, 38.0]"
Eritrea,Asmara,"[15.0, 39.0]"
Eswatini,Lobamba,"[-26.5, 31.5]"
Oman,Muscat,"[21.0, 57.0]"
Mali,Bamako,"[17.0, -4.0]"
South Africa,Pretoria,"[-29.0, 24.0]"
Curacao,Willemstad,"[12.116667, -68.933333]"
Slovenia,Ljubljana,"[46.11666666, 14.81666666]"
Bolivia,Sucre,"[-17.0, -65.0]"
Northern Ireland,London,"[54.0, -2.0]"
Burundi,Bujumbura,"[-3.5, 30.0]"
Canada,Ottawa,"[60.0, -95.0]"
Spain,Madrid,"[40.0, -4.0]"
Czech Republic,Prague,"[49.75, 15.5]"
Burkina Faso,Ouagadougou,"[13.0, -2.0]"
Armenia,Yerevan,"[40.0, 45.0]"
Benin,Porto-Novo,"[9.5, 2.25]"
New Zealand,Wellington,"[-41.0, 174.0]"
Jersey,Saint Helier,"[49.25, -2.16666666]"
Monaco,Monaco,"[43.73333333, 7.4]"
Cayman Islands,George Town,"[19.5, -80.5]"
South Sudan,Juba,"[7.0, 30.0]"
Papua New Guinea,Port Moresby,"[-6.0, 147.0]"
Tunisia,Tunis,"[34.0, 9.0]"
Uganda,Kampala,"[1.0, 32.0]"
Senegal,Dakar,"[14.0, -14.0]"
Palau,Ngerulmud,"[7.5, 134.5]"
Croatia,Zagreb,"[45.16666666, 15.5]"
Kenya,Nairobi,"[1.0, 38.0]"
Iraq,Baghdad,"[33.0, 44.0]"
Micronesia,Palikir,"[6.91666666, 158.25]"
Belarus,Minsk,"[53.0, 28.0]"
United Arab Emirates,Abu Dhabi,"[24.0, 54.0]"
Honduras,Tegucigalpa,"[15.0, -86.5]"
Kosovo,Pristina,"[42.666667, 21.166667]"
Singapore,Singapore,"[1.36666666, 103.8]"
Guernsey,St. Peter Port,"[49.46666666, -2.58333333]"
Bulgaria,Sofia,"[43.0, 25.0]"
Gibraltar,Gibraltar,"[36.13333333, -5.35]"
Laos,Vientiane,"[18.0, 105.0]"
Mauritius,Port Louis,"[-20.28333333, 57.55]"
Chad,N'Djamena,"[15.0, 19.0]"
Mauritania,Nouakchott,"[20.0, -12.0]"
Sweden,Stockholm,"[62.0, 15.0]"
Australia,Canberra,"[-27.0, 133.0]"
Solomon Islands,Honiara,"[-8.0, 159.0]"
Sri Lanka,Colombo,"[7.0, 81.0]"
Poland,Warsaw,"[52.0, 20.0]"
Montenegro,Podgorica,"[42.5, 19.3]"
Guam,Hagåtña,"[13.46666666, 144.78333333]"
Ellan Vannin,Douglas,"[54.25, -4.5]"
Slovakia,Bratislava,"[48.66666666, 19.5]"
Afghanistan,Kabul,"[33.0, 65.0]"
Grenada,St. George's,"[12.11666666, -61.66666666]"
Uzbekistan,Tashkent,"[41.0, 64.0]"
Sudan,Juba,"[7.0, 30.0]"
Sierra Leone,Freetown,"[8.5, -11.5]"
Azerbaijan,Baku,"[40.5, 47.5]"
Saint Vincent and the Grenadines,Kingstown,"[13.25, -61.2]"
French Guiana,Cayenne,"[4.0, -53.0]"
Curaçao,Willemstad,"[12.116667, -68.933333]"
Rwanda,Kigali,"[-2.0, 30.0]"
San Marino,City of San Marino,"[43.76666666, 12.41666666]"
Tanzania,Dodoma,"[-6.0, 35.0]"
Hong Kong,City of Victoria,"[22.25, 114.16666666]"
Costa Rica,San José,"[10.0, -84.0]"
Republic of Ireland,Dublin,"[53.0, -8.0]"
Egypt,Cairo,"[27.0, 30.0]"
Yemen,Sana'a,"[15.0, 48.0]"
Italy,Rome,"[42.83333333, 12.83333333]"
Ecuador,Quito,"[-2.0, -77.5]"
Malta,Valletta,"[35.83333333, 14.58333333]"
Cameroon,Yaoundé,"[6.0, 12.0]"
Anguilla,The Valley,"[18.25, -63.16666666]"
Aruba,Oranjestad,"[12.5, -69.96666666]"
Iran,Tehran,"[32.0, 53.0]"
São Tomé and Príncipe,São Tomé,"[1.0, 7.0]"
Morocco,Rabat,"[32.0, -5.0]"
Tajikistan,Dushanbe,"[39.0, 71.0]"
Brazil,Brasília,"[-10.0, -55.0]"
Estonia,Tallinn,"[59.0, 26.0]"
Turkey,Ankara,"[39.0, 35.0]"
Angola,Luanda,"[-12.5, 18.5]"
Puerto Rico,San Juan,"[18.25, -66.5]"
Greenland,Nuuk,"[72.0, -40.0]"
Ukraine,Kiev,"[49.0, 32.0]"
Romania,Bucharest,"[46.0, 25.0]"
Bangladesh,Dhaka,"[24.0, 90.0]"
Western Sahara,El Aaiún,"[24.5, -13.0]"
Madagascar,Antananarivo,"[-20.0, 47.0]"
Fiji,Suva,"[-18.0, 175.0]"
Luxembourg,Luxembourg,"[49.75, 6.16666666]"
Libya,Tripoli,"[25.0, 17.0]"
Guatemala,Guatemala City,"[15.5, -90.25]"
Suriname,Paramaribo,"[4.0, -56.0]"
Philippines,Manila,"[13.0, 122.0]"
Saint Kitts and Nevis,Basseterre,"[17.33333333, -62.75]"
Antigua and Barbuda,Saint John's,"[17.05, -61.8]"
Greece,Athens,"[39.0, 22.0]"
Namibia,Windhoek,"[-22.0, 17.0]"
Isle of Man,Douglas,"[54.25, -4.5]"
Austria,Vienna,"[47.33333333, 13.33333333]"
Chile,Santiago,"[-30.0, -71.0]"
Brunei,Bandar Seri Begawan,"[4.5, 114.66666666]"
Nigeria,Abuja,"[10.0, 8.0]"
Guadeloupe,Basse-Terre,"[16.25, -61.583333]"
Colombia,Bogotá,"[4.0, -72.0]"
Albania,Tirana,"[41.0, 20.0]"
Faroe Islands,Tórshavn,"[62.0, -7.0]"
Liberia,Monrovia,"[6.5, -9.5]"
Somalia,Mogadishu,"[10.0, 49.0]"
Saudi Arabia,Riyadh,"[25.0, 45.0]"
Djibouti,Djibouti,"[11.5, 43.0]"
Central African Republic,Bangui,"[7.0, 21.0]"
Indonesia,Jakarta,"[-5.0, 120.0]"
Lithuania,Vilnius,"[56.0, 24.0]"
Cook Islands,Avarua,"[-21.23333333, -159.76666666]"
Pakistan,Islamabad,"[30.0, 70.0]"
Ivory Coast,Yamoussoukro,"[8.0, -5.0]"
Liechtenstein,Vaduz,"[47.26666666, 9.53333333]"
Gambia,Banjul,"[13.46666666, -16.56666666]"
Niue,Alofi,"[-19.03333333, -169.86666666]"
India,Diego Garcia,"[-6.0, 71.5]"
Guyana,Georgetown,"[5.0, -59.0]"
Réunion,Saint-Denis,"[-21.15, 55.5]"
Seychelles,Victoria,"[-4.58333333, 55.66666666]"
Vanuatu,Port Vila,"[-16.0, 167.0]"
Bosnia and Herzegovina,Sarajevo,"[44.0, 18.0]"
Kyrgyzstan,Bishkek,"[41.0, 75.0]"
Turks and Caicos Islands,Cockburn Town,"[21.75, -71.58333333]"
Bermuda,Hamilton,"[32.33333333, -64.75]"
Cambodia,Phnom Penh,"[13.0, 105.0]"
Bhutan,Thimphu,"[27.5, 90.5]"
Georgia,Tbilisi,"[42.0, 43.5]"
Equatorial Guinea,Malabo,"[2.0, 10.0]"
Vietnam,Hanoi,"[16.16666666, 107.83333333]"
Latvia,Riga,"[57.0, 25.0]"
Bahrain,Manama,"[26.0, 50.55]"
Nepal,Kathmandu,"[28.0, 84.0]"
Algeria,Algiers,"[28.0, 3.0]"
Kuwait,Kuwait City,"[29.5, 45.75]"
Tuvalu,Funafuti,"[-8.0, 178.0]"
Switzerland,Bern,"[47.0, 8.0]"
Japan,Tokyo,"[36.0, 138.0]"
Bahamas,Nassau,"[24.25, -76.0]"
Moldova,Chișinău,"[47.0, 29.0]"
Comoros,Moroni,"[-12.16666666, 44.25]"
Dominica,Roseau,"[15.41666666, -61.33333333]"
Congo,Brazzaville,"[-1.0, 15.0]"
Mayotte,Mamoudzou,"[-12.83333333, 45.16666666]"
Lebanon,Beirut,"[33.83333333, 35.83333333]"
France,Paris,"[46.0, 2.0]"
Argentina,Buenos Aires,"[-34.0, -64.0]"
Nicaragua,Managua,"[13.0, -85.0]"
Macau,,"[22.16666666, 113.55]"
Paraguay,Asunción,"[-23.0, -58.0]"
Cyprus,Nicosia,"[35.0, 33.0]"
Saint Helena,Jamestown,"[-15.95, -5.7]"
American Samoa,Pago Pago,"[-14.33333333, -170.0]"
Lesotho,Maseru,"[-29.5, 28.5]"
Myanmar,Naypyidaw,"[22.0, 98.0]"
Dominican Republic,Santo Domingo,"[19.0, -70.66666666]"
Zambia,Lusaka,"[-15.0, 30.0]"
Åland Islands,Mariehamn,"[60.116667, 19.9]"
Mongolia,Ulan Bator,"[46.0, 105.0]"
Falkland Islands,Stanley,"[-51.75, -59.0]"
Hungary,Budapest,"[47.0, 20.0]"
Barbados,Bridgetown,"[13.16666666, -59.53333333]"
Cuba,Havana,"[21.5, -80.0]"
Uruguay,Montevideo,"[-33.0, -56.0]"
Thailand,Bangkok,"[15.0, 100.0]"
Panama,Panama City,"[9.0, -80.0]"
Togo,Lomé,"[8.0, 1.16666666]"
Malawi,Lilongwe,"[-13.5, 34.0]"
Israel,Jerusalem,"[31.5, 34.75]"
Guinea,Malabo,"[2.0, 10.0]"
Norway,Oslo,"[62.0, 10.0]"
Germany,Berlin,"[51.0, 9.0]"
Mozambique,Maputo,"[-18.25, 35.0]"
Botswana,Gaborone,"[-22.0, 24.0]"
Montserrat,Plymouth,"[16.75, -62.2]"
Saint Lucia,Castries,"[13.88333333, -60.96666666]"
Russia,Moscow,"[60.0, 100.0]"
Kiribati,South Tarawa,"[1.41666666, 173.0]"
Malaysia,Kuala Lumpur,"[2.5, 112.5]"
Ethiopia,Addis Ababa,"[8.0, 38.0]"
East Timor,Dili,"[-8.83333333, 125.91666666]"
Netherlands,Amsterdam,"[52.5, 5.75]"
Gabon,Libreville,"[-1.0, 11.75]"
U.S. Virgin Islands,Charlotte Amalie,"[18.34, -64.93]"
Palestine,Ramallah,"[31.9, 35.2]"
Peru,Lima,"[-10.0, -76.0]"
Martinique,Fort-de-France,"[14.666667, -61.0]"
Timor-Leste,Dili,"[-8.83333333, 125.91666666]"
DR Congo,Kinshasa,"[0.0, 25.0]"
Jordan,Amman,"[31.0, 36.0]"
Turkmenistan,Ashgabat,"[40.0, 60.0]"
Belgium,Brussels,"[50.83333333, 4.0]"
Northern Mariana Islands,Saipan,"[15.2, 145.75]"
Venezuela,Caracas,"[8.0, -66.0]"
Denmark,Copenhagen,"[56.0, 10.0]"
Burma,Naypyidaw,"[22.0, 98.0]"
United States,Washington D.C,"[38.9072, 77.0369]"
Maldives,Malé,"[3.25, 73.0]"
Mexico,Mexico City,"[23.0, -102.0]"
Guinea-Bissau,Bissau,"[12.0, -15.0]"
Tonga,Nuku'alofa,"[-20.0, -175.0]"
El Salvador,San Salvador,"[13.83333333, -88.91666666]"
Haiti,Port-au-Prince,"[19.0, -72.41666666]"
Trinidad and Tobago,Port of Spain,"[11.0, -61.0]"
Jamaica,Kingston,"[18.25, -77.5]"
Andorra,Andorra la Vella,"[42.5, 1.5]"
Bonaire,Kralendijk,"[12.15, -68.266667]"
Belize,Belmopan,"[17.25, -88.75]"
Portugal,Lisbon,"[39.5, -8.0]"
Zimbabwe,Harare,"[-20.0, 30.0]"
Serbia,Belgrade,"[44.0, 21.0]"
Saint Martin,Marigot,"[18.08333333, -63.95]"
